3679	COLA SUPER BONDER 3G	7891200294466	12
0	LAMPADA INCAND 127 V OSRAM	7891206010244	100
0	LAMPADA INCAND 150W 127 V OSRAM	7891206012071	50
3727	DUREPOXI 100 GR	7891200007899	12
984	ARCO DE PUA BIEHL C/CATRACA	7891257529023	2
0	VEDA CALHA BRASCOLA 280G	7896231707725	24
0	REPARO VALVULA HYDRA 2550 1(1/4) E 1(1/2)	7894200028307	12
0	REPARO VALVULA 2550 HYDRA CLEAN MAX PRO E BASE	7894200031611	8
0	FECHADURA PORTEIRA SAO RAMAO N. 02	7898089528026	12
0	DOBRADICA SAO RAMAO N. 01	7898089528019	12
0	DOBRADICA SAO RAMAO N. 03	7898089528033	12
0	DISCO DIAMANTADO ATC 110MMX20MM	7897095035597	12
0	DISCO DIAMANTADO LISO ATC 110MMX20MM	7897095035573	12
0	VASELINA BRANCA LINHAL 90G	7898122760062	89
0	PENEIRA PLASTICA AGROBR 55 	7898292934584	10
0	FITA CREPE 50MMX50MM ADERE	7896193242784	36
0	FITA CREPE  TAPEFIX 25MMX50MM	7896193242777	66
1186	PRUMO RAMADA PVC 410GR PAREDE HOBBY	7896438038547	6
1122	SERROTE RAMADA OURO 24"	7896438025240	6
1009	SERROTE RAMADA OURO 26"	7896438025264	6
686	FERROLHO ALIANCA 51MM NIQ.	7891249011482	50
3894	COLA BRANCA CASCOREZ 1KG	7891200007448	12
0	COLA PL500 CASCOLA 85 G	7891200008407	1
